activity_id,viewer_id,movie_id,watch_date,duration_minutes
2,405,6,2024-04-02 00:00:00,152
5,13,29,2025-02-21 00:00:00,127
6,286,76,2024-10-02 00:00:00,159
7,197,31,2025-03-18 00:00:00,19
8,151,11,2024-08-14 00:00:00,20
11,438,80,2024-01-20 00:00:00,44
13,162,71,2024-05-21 00:00:00,127
14,487,78,2024-12-06 00:00:00,99
16,316,4,2025-02-28 00:00:00,137
17,80,5,2024-08-23 00:00:00,151
18,257,75,2024-02-25 00:00:00,29
20,245,93,2025-04-11 00:00:00,158
21,396,35,2024-06-15 00:00:00,179
22,475,16,2024-08-12 00:00:00,140
23,200,80,2024-10-25 00:00:00,173
24,355,80,2025-02-02 00:00:00,71
25,293,80,2024-07-22 00:00:00,81
26,239,60,2024-09-24 00:00:00,39
27,353,82,2025-03-02 00:00:00,139
30,230,19,2024-08-27 00:00:00,22
35,217,17,2024-06-17 00:00:00,138
36,311,73,2024-05-18 00:00:00,53
37,361,51,2025-01-26 00:00:00,167
38,479,75,2025-03-03 00:00:00,69
40,468,9,2025-01-23 00:00:00,64
41,332,9,2024-08-15 00:00:00,44
42,342,98,2024-11-19 00:00:00,152
43,92,25,2025-02-09 00:00:00,174
44,375,93,2024-12-28 00:00:00,109
45,280,60,2024-04-07 00:00:00,173
46,264,66,2024-09-27 00:00:00,125
48,463,95,2025-02-14 00:00:00,81
49,32,51,2024-12-25 00:00:00,75
50,366,19,2024-08-11 00:00:00,26
53,71,33,2024-05-26 00:00:00,154
55,460,74,2024-04-04 00:00:00,32
56,41,30,2024-07-21 00:00:00,46
57,30,3,2024-04-28 00:00:00,178
59,406,16,2025-04-23 00:00:00,14
60,20,93,2024-05-12 00:00:00,67
61,184,72,2024-05-19 00:00:00,164
64,280,28,2024-08-27 00:00:00,62
65,136,5,2024-09-03 00:00:00,118
66,78,14,2024-05-14 00:00:00,35
67,80,19,2024-06-18 00:00:00,117
68,423,3,2025-04-11 00:00:00,92
71,217,22,2024-05-25 00:00:00,127
72,352,3,2024-02-06 00:00:00,57
73,259,99,2024-03-14 00:00:00,64
74,46,9,2024-09-18 00:00:00,122
75,356,93,2025-04-25 00:00:00,52
77,67,6,2024-12-25 00:00:00,74
78,96,49,2024-04-05 00:00:00,136
79,459,92,2024-09-30 00:00:00,131
80,364,60,2024-12-03 00:00:00,51
83,150,22,2024-03-03 00:00:00,98
84,73,99,2024-12-10 00:00:00,108
85,67,79,2025-04-01 00:00:00,157
87,349,85,2025-04-01 00:00:00,176
88,427,71,2024-01-08 00:00:00,83
89,368,93,2024-12-24 00:00:00,112
90,366,31,2024-12-25 00:00:00,151
91,223,17,2025-02-07 00:00:00,154
93,359,61,2024-11-22 00:00:00,32
94,87,49,2025-04-20 00:00:00,26
95,348,83,2024-12-19 00:00:00,16
97,297,13,2024-06-10 00:00:00,12
98,172,66,2024-01-31 00:00:00,27
99,211,34,2024-05-21 00:00:00,69
103,243,64,2024-12-22 00:00:00,73
104,252,40,2025-02-17 00:00:00,113
106,53,24,2024-04-05 00:00:00,55
107,483,31,2024-03-31 00:00:00,148
109,339,56,2024-01-02 00:00:00,87
110,307,11,2024-08-30 00:00:00,111
111,40,43,2025-03-22 00:00:00,166
112,165,70,2024-02-06 00:00:00,143
114,218,2,2024-02-02 00:00:00,137
115,287,30,2024-12-21 00:00:00,65
119,403,5,2024-10-20 00:00:00,134
120,203,50,2024-03-31 00:00:00,146
121,388,32,2024-01-02 00:00:00,130
122,263,17,2025-04-07 00:00:00,19
124,334,85,2024-12-29 00:00:00,87
126,477,51,2024-01-23 00:00:00,97
127,64,10,2025-01-08 00:00:00,175
128,176,81,2024-08-14 00:00:00,48
131,6,75,2024-05-01 00:00:00,26
135,234,7,2025-01-08 00:00:00,111
136,471,68,2024-02-20 00:00:00,20
137,382,53,2024-08-25 00:00:00,40
138,104,88,2024-01-07 00:00:00,36
140,479,23,2025-03-05 00:00:00,149
142,372,11,2024-02-15 00:00:00,153
143,399,37,2024-09-03 00:00:00,23
144,367,82,2024-02-03 00:00:00,48
145,219,68,2024-02-10 00:00:00,43
146,218,86,2024-03-29 00:00:00,105
148,469,46,2024-06-28 00:00:00,17
149,81,1,2024-04-19 00:00:00,116
150,417,87,2024-08-01 00:00:00,162
151,489,35,2025-03-10 00:00:00,21
152,134,60,2024-04-26 00:00:00,139
153,1,76,2025-03-11 00:00:00,89
154,478,38,2024-02-14 00:00:00,22
155,54,90,2024-04-14 00:00:00,105
157,351,13,2024-05-17 00:00:00,167
158,219,29,2024-05-04 00:00:00,52
159,127,19,2025-04-20 00:00:00,160
161,391,91,2024-03-29 00:00:00,118
162,423,83,2024-10-29 00:00:00,41
163,374,99,2025-01-06 00:00:00,135
164,284,94,2024-03-21 00:00:00,54
165,2,27,2024-07-18 00:00:00,42
166,67,94,2024-07-16 00:00:00,23
167,344,53,2024-05-09 00:00:00,14
168,77,78,2025-03-31 00:00:00,169
170,341,67,2025-04-03 00:00:00,138
171,28,100,2024-01-01 00:00:00,74
172,107,2,2024-04-12 00:00:00,163
173,414,47,2024-02-28 00:00:00,52
174,466,42,2024-04-21 00:00:00,32
175,321,89,2024-05-07 00:00:00,125
176,129,49,2024-10-10 00:00:00,106
177,332,23,2025-04-25 00:00:00,121
180,497,73,2024-11-10 00:00:00,53
182,455,12,2025-03-20 00:00:00,173
184,116,50,2024-10-14 00:00:00,100
186,42,67,2024-06-23 00:00:00,95
187,127,12,2025-01-08 00:00:00,172
188,362,54,2024-07-24 00:00:00,159
189,168,88,2025-03-04 00:00:00,11
190,314,8,2024-08-07 00:00:00,127
191,94,44,2024-04-02 00:00:00,63
192,331,71,2024-08-13 00:00:00,129
193,256,88,2025-03-06 00:00:00,38
194,17,98,2024-06-22 00:00:00,122
195,295,54,2025-03-08 00:00:00,32
196,85,87,2024-09-13 00:00:00,24
198,134,27,2024-11-14 00:00:00,39
199,110,30,2025-03-24 00:00:00,155
201,128,9,2025-04-16 00:00:00,157
204,56,6,2024-05-21 00:00:00,101
205,327,30,2024-06-11 00:00:00,147
206,439,79,2024-08-07 00:00:00,139
207,332,47,2024-02-12 00:00:00,148
208,62,3,2024-06-04 00:00:00,125
211,199,33,2025-02-27 00:00:00,159
212,437,95,2024-08-03 00:00:00,139
213,419,2,2024-07-21 00:00:00,66
214,311,72,2025-04-15 00:00:00,178
215,268,75,2025-04-05 00:00:00,116
216,427,45,2025-02-08 00:00:00,152
217,197,3,2025-01-13 00:00:00,30
218,473,41,2025-02-01 00:00:00,35
220,297,93,2025-03-22 00:00:00,164
221,453,4,2024-06-03 00:00:00,68
222,24,99,2024-06-13 00:00:00,114
223,191,7,2024-01-13 00:00:00,72
224,192,71,2024-09-27 00:00:00,12
226,71,53,2024-04-03 00:00:00,10
227,453,65,2024-06-12 00:00:00,141
230,201,64,2025-01-03 00:00:00,129
233,424,66,2024-12-06 00:00:00,115
234,362,63,2024-06-23 00:00:00,110
235,401,70,2025-01-06 00:00:00,98
236,179,42,2025-03-09 00:00:00,146
237,4,23,2024-04-17 00:00:00,166
241,429,13,2025-04-23 00:00:00,49
242,497,63,2024-10-30 00:00:00,123
243,460,82,2024-04-18 00:00:00,64
245,373,78,2024-01-17 00:00:00,144
246,357,57,2024-01-18 00:00:00,146
248,250,78,2025-03-19 00:00:00,98
249,183,26,2025-01-10 00:00:00,56
250,224,66,2024-07-31 00:00:00,33
251,224,45,2024-11-27 00:00:00,82
254,141,70,2024-07-09 00:00:00,141
255,367,99,2024-03-15 00:00:00,55
256,47,50,2024-05-21 00:00:00,104
257,266,100,2024-11-21 00:00:00,83
258,198,27,2024-02-01 00:00:00,171
259,293,95,2024-06-26 00:00:00,66
260,96,7,2024-10-28 00:00:00,47
261,325,31,2025-02-13 00:00:00,108
262,220,8,2024-01-04 00:00:00,99
265,469,58,2024-02-26 00:00:00,22
266,465,44,2024-02-17 00:00:00,160
268,64,53,2024-02-07 00:00:00,174
269,265,76,2025-03-04 00:00:00,68
271,468,56,2024-11-18 00:00:00,29
273,304,15,2024-08-25 00:00:00,165
276,81,47,2025-04-21 00:00:00,128
278,499,56,2024-06-10 00:00:00,39
279,55,96,2025-04-03 00:00:00,50
280,305,49,2024-12-04 00:00:00,114
282,478,44,2024-04-20 00:00:00,89
283,483,3,2024-06-18 00:00:00,174
284,466,15,2024-10-14 00:00:00,177
286,457,81,2024-12-04 00:00:00,68
288,345,16,2024-06-19 00:00:00,100
289,203,54,2024-05-31 00:00:00,56
292,3,1,2024-08-06 00:00:00,90
293,118,35,2024-09-25 00:00:00,112
294,379,4,2024-12-22 00:00:00,144
296,475,49,2024-08-16 00:00:00,45
298,136,96,2024-08-15 00:00:00,80
302,72,64,2025-03-16 00:00:00,169
305,172,52,2024-08-17 00:00:00,147
306,256,66,2024-07-13 00:00:00,45
309,41,1,2024-05-06 00:00:00,143
310,429,75,2025-01-06 00:00:00,30
311,51,21,2025-01-11 00:00:00,114
313,373,14,2025-01-11 00:00:00,129
314,38,79,2024-04-17 00:00:00,74
316,6,24,2024-06-19 00:00:00,171
317,47,23,2024-08-14 00:00:00,93
318,78,59,2025-01-13 00:00:00,85
319,320,52,2024-03-13 00:00:00,180
322,10,39,2025-02-20 00:00:00,114
325,142,19,2024-10-23 00:00:00,51
326,364,50,2024-08-18 00:00:00,100
328,178,75,2024-02-22 00:00:00,34
332,81,12,2024-03-07 00:00:00,57
334,178,82,2024-10-19 00:00:00,62
335,491,16,2024-04-12 00:00:00,170
337,37,48,2024-06-26 00:00:00,82
338,177,66,2024-12-07 00:00:00,155
339,73,51,2024-11-20 00:00:00,48
341,149,53,2024-03-18 00:00:00,150
342,193,94,2024-08-27 00:00:00,70
343,259,53,2024-01-18 00:00:00,168
344,314,69,2024-12-10 00:00:00,130
346,137,17,2024-12-08 00:00:00,149
348,162,68,2024-11-14 00:00:00,104
349,167,58,2024-04-13 00:00:00,61
350,138,31,2025-02-08 00:00:00,154
351,64,48,2024-01-27 00:00:00,93
352,401,80,2024-09-25 00:00:00,59
353,226,72,2024-05-23 00:00:00,168
354,375,67,2024-10-04 00:00:00,51
355,478,96,2025-04-13 00:00:00,93
357,394,64,2024-10-14 00:00:00,97
360,175,82,2025-04-25 00:00:00,169
361,21,93,2024-09-30 00:00:00,38
363,482,60,2024-05-17 00:00:00,170
364,469,43,2024-06-06 00:00:00,53
365,446,71,2024-01-28 00:00:00,115
366,482,6,2024-05-28 00:00:00,142
370,395,46,2024-08-15 00:00:00,94
371,315,11,2024-04-26 00:00:00,94
373,402,72,2024-01-01 00:00:00,153
374,385,66,2024-02-27 00:00:00,50
378,278,66,2024-09-22 00:00:00,76
380,297,1,2024-09-26 00:00:00,136
381,225,63,2025-02-07 00:00:00,146
382,91,54,2024-04-18 00:00:00,147
384,159,12,2024-08-02 00:00:00,102
385,378,50,2024-03-26 00:00:00,29
387,324,22,2024-03-06 00:00:00,136
388,419,46,2024-02-27 00:00:00,117
390,370,98,2025-03-10 00:00:00,63
391,11,48,2024-11-15 00:00:00,127
392,168,63,2025-01-03 00:00:00,158
393,42,8,2024-06-12 00:00:00,46
394,395,25,2025-01-30 00:00:00,107
396,226,83,2024-03-06 00:00:00,170
397,479,69,2024-05-10 00:00:00,130
399,217,4,2024-12-20 00:00:00,24
401,75,25,2024-11-05 00:00:00,13
402,335,69,2024-01-02 00:00:00,144
403,184,28,2025-04-02 00:00:00,147
404,468,11,2024-11-24 00:00:00,135
405,28,29,2024-06-11 00:00:00,155
406,249,5,2025-03-17 00:00:00,20
408,272,7,2025-03-25 00:00:00,119
409,405,21,2025-02-05 00:00:00,173
410,419,55,2024-04-17 00:00:00,29
411,260,43,2024-08-17 00:00:00,52
412,151,50,2025-01-28 00:00:00,119
413,77,63,2024-11-13 00:00:00,98
414,358,73,2024-03-15 00:00:00,45
416,368,4,2025-03-17 00:00:00,152
417,460,67,2024-11-01 00:00:00,104
418,51,28,2024-01-13 00:00:00,92
419,90,24,2025-03-18 00:00:00,43
420,166,34,2025-01-19 00:00:00,114
421,442,56,2024-07-10 00:00:00,156
423,331,94,2024-04-05 00:00:00,89
424,60,22,2024-11-14 00:00:00,17
425,213,13,2025-03-29 00:00:00,15
427,361,78,2024-11-08 00:00:00,58
428,284,84,2025-03-20 00:00:00,50
431,345,96,2024-04-25 00:00:00,12
432,438,25,2025-03-12 00:00:00,177
434,224,5,2024-05-27 00:00:00,160
435,22,23,2024-02-08 00:00:00,167
437,364,15,2024-11-06 00:00:00,94
438,498,3,2024-09-07 00:00:00,56
440,11,97,2024-04-11 00:00:00,55
442,491,33,2024-07-16 00:00:00,157
443,370,100,2025-03-02 00:00:00,120
446,281,75,2024-12-13 00:00:00,180
447,267,40,2024-09-04 00:00:00,38
449,262,17,2024-09-05 00:00:00,66
450,409,11,2025-01-13 00:00:00,37
451,282,54,2024-09-29 00:00:00,136
452,456,66,2024-07-06 00:00:00,66
453,43,79,2025-04-05 00:00:00,42
455,138,54,2025-03-07 00:00:00,164
457,464,12,2024-02-25 00:00:00,154
458,414,60,2024-07-30 00:00:00,129
459,288,66,2025-01-11 00:00:00,133
461,499,4,2025-01-04 00:00:00,105
462,196,43,2024-05-20 00:00:00,21
465,241,79,2025-02-23 00:00:00,142
467,215,21,2024-04-08 00:00:00,178
468,231,49,2024-08-18 00:00:00,75
469,49,15,2024-01-08 00:00:00,101
471,20,88,2024-01-06 00:00:00,49
472,35,94,2025-03-02 00:00:00,121
473,156,38,2024-11-18 00:00:00,162
474,326,11,2024-12-30 00:00:00,22
475,5,98,2024-04-17 00:00:00,39
477,391,4,2024-08-11 00:00:00,158
478,52,58,2025-01-22 00:00:00,81
479,290,49,2024-11-28 00:00:00,165
482,263,67,2024-10-05 00:00:00,159
483,308,17,2025-02-27 00:00:00,165
485,274,22,2025-01-27 00:00:00,160
486,147,91,2024-04-02 00:00:00,28
487,163,19,2024-12-21 00:00:00,133
488,286,5,2024-08-18 00:00:00,114
489,469,91,2024-06-01 00:00:00,106
491,419,52,2024-05-16 00:00:00,117
492,438,37,2024-03-11 00:00:00,165
494,373,43,2024-06-30 00:00:00,48
496,355,88,2024-07-08 00:00:00,84
497,442,66,2024-11-19 00:00:00,15
498,119,94,2025-03-09 00:00:00,137
500,350,100,2024-08-27 00:00:00,97
502,26,37,2025-01-27 00:00:00,40
503,462,15,2024-10-12 00:00:00,125
507,255,21,2025-04-11 00:00:00,161
510,96,83,2025-04-02 00:00:00,16
511,216,82,2024-06-03 00:00:00,90
513,58,23,2025-01-17 00:00:00,31
514,41,42,2024-11-04 00:00:00,110
516,216,74,2025-03-21 00:00:00,66
519,172,79,2024-02-05 00:00:00,66
520,38,49,2025-03-14 00:00:00,26
521,332,36,2024-01-23 00:00:00,32
522,447,60,2024-05-19 00:00:00,38
525,481,44,2024-02-27 00:00:00,26
528,27,5,2024-06-28 00:00:00,46
529,54,55,2024-10-31 00:00:00,163
531,362,33,2024-10-29 00:00:00,135
532,257,74,2024-08-25 00:00:00,56
533,362,53,2024-01-13 00:00:00,95
536,456,75,2024-10-15 00:00:00,148
537,1,15,2024-06-19 00:00:00,163
538,494,2,2025-01-15 00:00:00,63
540,275,7,2024-01-09 00:00:00,76
541,315,28,2025-02-18 00:00:00,59
542,214,52,2025-04-14 00:00:00,28
543,225,50,2024-05-03 00:00:00,121
545,129,86,2024-06-28 00:00:00,170
546,291,50,2025-04-02 00:00:00,145
548,65,97,2025-02-07 00:00:00,81
549,305,14,2024-01-15 00:00:00,47
550,373,41,2024-11-13 00:00:00,140
552,398,43,2024-07-05 00:00:00,162
553,222,77,2024-09-13 00:00:00,97
555,85,12,2024-10-15 00:00:00,177
556,151,43,2024-06-02 00:00:00,156
559,361,87,2024-05-22 00:00:00,68
562,193,76,2025-04-04 00:00:00,45
564,359,68,2025-03-05 00:00:00,169
565,116,60,2024-01-18 00:00:00,28
566,350,90,2025-02-09 00:00:00,10
567,18,78,2024-07-22 00:00:00,172
569,129,24,2024-01-26 00:00:00,91
571,135,39,2024-04-01 00:00:00,154
573,442,67,2024-11-07 00:00:00,145
574,427,42,2024-08-20 00:00:00,96
576,468,1,2024-08-01 00:00:00,30
578,146,62,2024-04-20 00:00:00,43
581,75,68,2024-11-07 00:00:00,131
583,128,28,2025-01-07 00:00:00,119
586,276,67,2025-01-31 00:00:00,54
587,397,58,2024-05-05 00:00:00,149
588,192,64,2025-04-04 00:00:00,130
589,85,17,2024-11-24 00:00:00,142
590,448,45,2024-07-20 00:00:00,25
591,100,17,2025-02-14 00:00:00,116
592,149,12,2024-12-19 00:00:00,96
593,472,66,2024-09-18 00:00:00,48
594,49,23,2024-05-12 00:00:00,73
597,50,66,2024-04-20 00:00:00,140
598,275,75,2024-01-16 00:00:00,112
600,305,93,2025-03-27 00:00:00,66
601,166,10,2024-06-27 00:00:00,108
604,379,87,2024-05-04 00:00:00,127
607,361,72,2024-04-16 00:00:00,102
608,496,77,2024-03-24 00:00:00,96
610,161,12,2024-12-26 00:00:00,101
611,82,13,2025-03-23 00:00:00,98
612,40,50,2025-02-22 00:00:00,16
614,102,41,2024-02-12 00:00:00,131
616,123,50,2024-06-27 00:00:00,53
620,293,2,2024-01-09 00:00:00,59
621,192,99,2024-02-03 00:00:00,168
624,295,51,2024-03-18 00:00:00,160
625,206,2,2025-01-17 00:00:00,81
627,387,80,2024-11-04 00:00:00,95
631,500,85,2025-04-25 00:00:00,81
633,299,44,2025-02-22 00:00:00,152
634,269,82,2024-11-21 00:00:00,81
635,69,6,2024-05-22 00:00:00,98
636,324,62,2024-07-26 00:00:00,103
637,54,67,2024-06-25 00:00:00,58
638,131,41,2024-05-05 00:00:00,153
639,499,2,2024-01-28 00:00:00,10
641,210,91,2024-08-12 00:00:00,131
646,396,53,2024-02-25 00:00:00,162
649,13,44,2024-12-21 00:00:00,58
650,290,71,2024-11-23 00:00:00,61
653,364,37,2024-02-03 00:00:00,139
654,292,59,2025-01-28 00:00:00,127
657,88,24,2024-09-24 00:00:00,55
658,406,71,2024-08-20 00:00:00,148
659,412,11,2024-10-29 00:00:00,108
660,380,91,2025-01-08 00:00:00,12
662,123,1,2024-01-30 00:00:00,120
663,288,30,2024-09-21 00:00:00,10
666,159,100,2024-05-02 00:00:00,164
669,168,48,2025-04-06 00:00:00,117
670,447,24,2024-06-19 00:00:00,173
674,184,84,2024-10-02 00:00:00,101
675,292,3,2024-03-11 00:00:00,56
676,256,30,2024-04-20 00:00:00,97
677,206,83,2025-03-29 00:00:00,129
678,29,49,2024-04-10 00:00:00,89
682,382,50,2024-06-29 00:00:00,119
683,164,7,2025-04-06 00:00:00,48
684,110,66,2024-12-09 00:00:00,90
686,45,87,2025-03-07 00:00:00,132
687,496,41,2024-05-11 00:00:00,122
688,132,45,2024-05-11 00:00:00,114
689,362,72,2024-02-02 00:00:00,36
690,113,77,2024-08-10 00:00:00,57
691,221,29,2024-09-06 00:00:00,137
692,40,69,2024-01-06 00:00:00,109
693,30,97,2024-10-28 00:00:00,33
694,398,24,2024-06-06 00:00:00,45
695,305,21,2024-08-09 00:00:00,109
696,293,67,2024-04-03 00:00:00,150
697,229,74,2025-03-27 00:00:00,148
699,213,17,2024-12-12 00:00:00,20
703,5,20,2025-04-18 00:00:00,81
704,416,24,2024-01-08 00:00:00,71
707,327,56,2025-04-11 00:00:00,128
708,242,51,2025-04-15 00:00:00,73
709,110,97,2025-04-21 00:00:00,52
711,365,71,2025-04-08 00:00:00,73
713,94,74,2025-03-27 00:00:00,108
716,193,92,2024-11-13 00:00:00,50
717,128,11,2024-03-05 00:00:00,180
718,467,14,2024-09-08 00:00:00,128
719,478,72,2025-04-24 00:00:00,169
720,309,55,2024-04-19 00:00:00,105
721,61,13,2024-05-02 00:00:00,43
722,142,30,2024-11-09 00:00:00,43
724,243,23,2025-04-25 00:00:00,25
726,314,33,2025-03-24 00:00:00,133
729,70,93,2024-03-03 00:00:00,169
732,98,42,2024-07-03 00:00:00,77
733,160,24,2024-07-10 00:00:00,31
736,119,74,2024-02-28 00:00:00,19
737,325,71,2024-07-25 00:00:00,100
738,472,77,2024-02-16 00:00:00,77
739,335,81,2025-03-19 00:00:00,81
740,337,90,2025-02-16 00:00:00,13
743,226,67,2024-09-07 00:00:00,120
745,381,33,2024-01-28 00:00:00,179
747,22,76,2025-02-13 00:00:00,143
748,456,13,2024-06-11 00:00:00,129
750,24,69,2025-03-03 00:00:00,49
751,100,22,2024-05-12 00:00:00,160
753,384,80,2024-04-07 00:00:00,15
754,350,92,2024-02-12 00:00:00,90
755,402,55,2025-03-17 00:00:00,136
757,391,90,2024-03-09 00:00:00,153
758,497,69,2024-09-29 00:00:00,86
759,263,24,2025-03-13 00:00:00,81
760,365,46,2024-02-08 00:00:00,59
761,179,31,2025-01-08 00:00:00,69
763,238,30,2024-11-09 00:00:00,76
765,185,69,2024-01-22 00:00:00,20
766,49,74,2024-11-29 00:00:00,56
767,410,58,2024-11-04 00:00:00,125
768,98,64,2024-05-15 00:00:00,82
770,465,62,2024-11-03 00:00:00,30
771,72,40,2024-02-13 00:00:00,86
772,78,68,2024-02-22 00:00:00,138
774,252,4,2024-03-25 00:00:00,130
776,27,97,2024-12-08 00:00:00,67
779,199,42,2024-07-26 00:00:00,117
783,40,69,2024-04-15 00:00:00,52
784,69,44,2024-08-15 00:00:00,63
785,213,23,2024-05-14 00:00:00,50
786,101,2,2024-08-23 00:00:00,99
787,52,88,2024-05-09 00:00:00,95
788,440,50,2024-01-22 00:00:00,13
789,173,59,2024-07-19 00:00:00,57
790,359,99,2024-02-29 00:00:00,71
791,132,54,2024-09-02 00:00:00,80
792,259,77,2024-09-01 00:00:00,131
795,380,74,2024-06-10 00:00:00,36
799,50,64,2024-12-26 00:00:00,178
801,275,78,2024-10-25 00:00:00,37
802,114,80,2025-03-17 00:00:00,148
803,97,84,2024-07-25 00:00:00,38
804,365,73,2024-02-26 00:00:00,38
805,376,74,2025-03-29 00:00:00,131
806,9,63,2024-06-21 00:00:00,140
807,83,20,2025-03-14 00:00:00,88
808,155,28,2024-03-05 00:00:00,11
811,220,15,2024-03-16 00:00:00,165
812,324,72,2024-07-31 00:00:00,80
818,109,37,2025-03-24 00:00:00,159
819,197,39,2024-06-27 00:00:00,161
821,192,21,2024-08-01 00:00:00,51
822,214,97,2024-09-08 00:00:00,125
823,323,47,2024-01-17 00:00:00,139
824,357,67,2025-04-10 00:00:00,50
825,239,18,2025-03-27 00:00:00,144
826,493,34,2024-01-07 00:00:00,117
827,260,53,2025-02-17 00:00:00,59
828,88,78,2025-04-14 00:00:00,123
829,331,87,2024-11-25 00:00:00,112
830,225,86,2024-03-19 00:00:00,163
831,441,58,2024-08-26 00:00:00,43
832,178,67,2024-08-25 00:00:00,141
834,221,43,2024-09-27 00:00:00,152
838,130,54,2025-02-28 00:00:00,49
839,353,76,2025-02-06 00:00:00,63
841,441,9,2024-04-02 00:00:00,142
843,409,35,2024-05-25 00:00:00,12
844,70,82,2024-08-23 00:00:00,69
848,128,73,2024-11-29 00:00:00,130
850,307,6,2024-05-14 00:00:00,132
853,384,14,2024-11-02 00:00:00,156
854,267,5,2024-03-23 00:00:00,19
855,387,83,2024-06-12 00:00:00,12
856,242,32,2024-10-02 00:00:00,18
861,22,67,2024-08-01 00:00:00,97
862,199,8,2024-01-05 00:00:00,24
863,472,59,2024-02-28 00:00:00,51
865,33,9,2024-10-16 00:00:00,46
866,309,2,2024-05-27 00:00:00,33
867,264,40,2025-03-30 00:00:00,139
868,50,28,2024-03-13 00:00:00,10
869,475,73,2024-09-08 00:00:00,153
871,382,74,2024-11-17 00:00:00,63
872,477,79,2024-01-09 00:00:00,25
873,98,84,2024-05-25 00:00:00,56
874,138,30,2025-04-03 00:00:00,170
876,69,41,2024-08-13 00:00:00,174
877,150,86,2024-05-25 00:00:00,90
879,434,15,2024-08-07 00:00:00,96
880,316,87,2024-12-04 00:00:00,151
881,3,80,2025-04-15 00:00:00,170
882,354,93,2024-11-05 00:00:00,10
885,223,77,2024-01-11 00:00:00,136
887,203,66,2024-02-25 00:00:00,78
888,25,45,2024-12-05 00:00:00,169
889,379,13,2024-08-13 00:00:00,14
890,376,24,2025-02-18 00:00:00,132
891,61,74,2024-07-26 00:00:00,164
892,444,41,2024-10-08 00:00:00,175
893,162,37,2024-07-24 00:00:00,13
895,444,82,2024-07-06 00:00:00,167
896,259,6,2024-03-22 00:00:00,37
897,121,58,2025-02-05 00:00:00,41
899,366,11,2024-01-31 00:00:00,96
901,40,69,2025-01-30 00:00:00,166
902,442,42,2025-03-14 00:00:00,106
904,325,50,2024-07-06 00:00:00,73
905,281,44,2025-04-22 00:00:00,118
906,270,58,2024-03-30 00:00:00,64
908,36,23,2024-07-24 00:00:00,153
911,148,85,2025-04-22 00:00:00,164
912,27,7,2024-11-17 00:00:00,125
914,76,51,2024-06-30 00:00:00,122
915,384,31,2024-06-16 00:00:00,156
916,33,73,2024-03-16 00:00:00,159
917,192,31,2024-10-14 00:00:00,104
918,368,16,2024-09-10 00:00:00,163
919,381,55,2024-06-14 00:00:00,71
920,110,31,2024-02-16 00:00:00,93
923,253,87,2024-05-30 00:00:00,54
925,83,73,2025-02-04 00:00:00,95
926,99,85,2025-02-22 00:00:00,67
927,273,18,2024-11-27 00:00:00,34
928,480,15,2024-02-01 00:00:00,168
929,122,33,2025-02-19 00:00:00,22
930,246,37,2025-03-07 00:00:00,75
931,216,63,2024-03-29 00:00:00,63
933,344,25,2024-07-16 00:00:00,42
934,25,71,2024-06-03 00:00:00,114
935,228,41,2024-07-19 00:00:00,100
937,438,13,2025-01-08 00:00:00,154
938,177,44,2025-02-07 00:00:00,130
939,427,11,2024-10-16 00:00:00,71
941,354,46,2024-04-01 00:00:00,172
942,345,37,2024-02-05 00:00:00,127
943,84,11,2025-01-03 00:00:00,77
945,449,73,2024-09-23 00:00:00,111
946,142,61,2024-09-07 00:00:00,90
948,306,58,2024-08-01 00:00:00,156
949,217,4,2024-06-18 00:00:00,136
950,21,14,2025-01-12 00:00:00,137
951,208,68,2025-02-17 00:00:00,129
955,79,95,2024-12-04 00:00:00,171
956,420,42,2025-04-05 00:00:00,167
957,340,39,2024-09-26 00:00:00,130
960,362,25,2025-01-04 00:00:00,42
963,80,77,2024-02-02 00:00:00,39
964,122,5,2024-05-12 00:00:00,156
965,304,19,2024-08-10 00:00:00,173
966,394,78,2024-01-13 00:00:00,74
967,348,8,2024-08-29 00:00:00,122
969,370,3,2024-02-19 00:00:00,66
973,397,9,2025-03-26 00:00:00,79
978,172,47,2024-07-25 00:00:00,123
979,224,24,2025-04-17 00:00:00,103
980,292,67,2025-03-25 00:00:00,124
981,142,100,2024-12-28 00:00:00,47
983,152,45,2024-10-26 00:00:00,152
984,188,29,2024-01-07 00:00:00,119
986,387,75,2024-07-01 00:00:00,52
987,389,8,2024-07-18 00:00:00,39
988,385,49,2024-01-28 00:00:00,156
989,388,47,2025-01-06 00:00:00,167
990,158,90,2025-03-18 00:00:00,19
991,129,51,2024-08-07 00:00:00,128
995,92,67,2024-12-30 00:00:00,116
996,454,94,2024-08-13 00:00:00,68
998,130,15,2024-05-19 00:00:00,126
999,18,41,2024-10-29 00:00:00,114
1000,73,28,2025-04-24 00:00:00,169
1001,375,93,2024-02-28 00:00:00,58
1002,336,92,2024-03-28 00:00:00,82
1003,347,99,2024-12-05 00:00:00,107
1005,63,82,2024-07-17 00:00:00,64
1006,106,12,2024-05-17 00:00:00,50
1011,14,37,2024-08-29 00:00:00,110
1013,467,37,2024-02-28 00:00:00,38
1017,388,52,2024-02-18 00:00:00,126
1018,492,1,2024-01-19 00:00:00,134
1020,255,97,2024-08-03 00:00:00,13
1022,170,79,2024-01-03 00:00:00,83
1023,146,88,2024-07-28 00:00:00,180
1026,127,56,2024-11-05 00:00:00,138
1028,1,55,2024-02-04 00:00:00,139
1029,363,99,2025-02-04 00:00:00,123
1030,41,99,2024-11-20 00:00:00,100
1031,160,84,2025-01-07 00:00:00,132
1034,457,88,2025-02-24 00:00:00,151
1036,126,28,2024-07-05 00:00:00,145
1038,449,3,2024-12-19 00:00:00,27
1041,416,33,2024-04-27 00:00:00,96
1045,88,81,2024-11-10 00:00:00,17
1046,467,14,2024-04-05 00:00:00,169
1048,399,72,2024-12-19 00:00:00,137
1051,267,30,2024-08-13 00:00:00,132
1052,478,42,2024-03-09 00:00:00,94
1053,91,85,2025-03-28 00:00:00,25
1054,63,15,2025-03-06 00:00:00,41
1056,230,12,2025-04-23 00:00:00,96
1057,2,11,2024-05-30 00:00:00,137
1060,254,33,2024-03-22 00:00:00,145
1061,478,88,2024-03-19 00:00:00,52
1063,223,25,2024-05-27 00:00:00,75
1064,28,25,2024-12-01 00:00:00,85
1066,97,45,2024-05-05 00:00:00,86
1068,288,86,2024-02-03 00:00:00,13
1070,219,16,2024-06-28 00:00:00,77
1071,447,66,2024-12-13 00:00:00,29
1072,145,73,2024-02-06 00:00:00,44
1073,309,11,2024-09-12 00:00:00,157
1074,452,75,2024-02-16 00:00:00,47
1075,335,98,2024-03-22 00:00:00,60
1078,145,62,2024-09-21 00:00:00,109
1079,287,82,2024-01-28 00:00:00,74
1080,90,82,2024-01-08 00:00:00,147
1081,46,91,2024-09-11 00:00:00,52
1082,12,36,2024-01-01 00:00:00,89
1085,296,2,2025-03-22 00:00:00,54
1087,121,19,2024-04-30 00:00:00,112
1088,459,41,2025-03-18 00:00:00,62
1089,4,95,2024-10-25 00:00:00,74
1091,252,83,2024-10-24 00:00:00,170
1092,165,70,2025-01-27 00:00:00,104
1093,69,31,2024-12-20 00:00:00,119
1094,144,50,2024-11-29 00:00:00,28
1100,19,55,2025-03-10 00:00:00,123
1101,209,16,2024-08-20 00:00:00,156
1103,260,45,2024-02-06 00:00:00,164
1107,175,47,2024-05-23 00:00:00,102
1108,110,25,2025-04-19 00:00:00,178
1109,365,36,2024-03-21 00:00:00,166
1111,222,13,2024-01-06 00:00:00,109
1112,381,1,2024-11-18 00:00:00,89
1113,157,19,2024-12-11 00:00:00,139
1114,130,75,2025-03-14 00:00:00,99
1115,71,53,2024-10-05 00:00:00,59
1116,86,39,2024-09-13 00:00:00,44
1120,397,44,2024-07-16 00:00:00,93
1121,94,84,2024-05-11 00:00:00,49
1123,152,28,2024-03-16 00:00:00,56
1126,483,52,2025-03-18 00:00:00,42
1127,36,63,2025-02-28 00:00:00,87
1129,80,47,2024-05-03 00:00:00,30
1130,349,1,2025-01-12 00:00:00,143
1131,8,3,2024-02-09 00:00:00,35
1132,41,34,2024-07-20 00:00:00,58
1133,288,88,2024-04-30 00:00:00,75
1134,279,31,2024-01-03 00:00:00,170
1136,203,56,2024-07-28 00:00:00,147
1138,223,58,2025-04-14 00:00:00,159
1139,415,92,2025-03-09 00:00:00,174
1140,121,1,2024-07-09 00:00:00,137
1141,462,73,2024-04-30 00:00:00,91
1142,458,77,2024-12-19 00:00:00,84
1143,95,4,2025-01-17 00:00:00,83
1144,69,86,2024-02-07 00:00:00,14
1147,258,42,2024-09-10 00:00:00,23
1149,91,84,2025-01-02 00:00:00,160
1152,173,24,2025-02-23 00:00:00,49
1153,97,93,2025-02-26 00:00:00,111
1154,12,97,2025-03-09 00:00:00,157
1155,366,27,2025-01-03 00:00:00,169
1156,167,27,2024-12-13 00:00:00,22
1157,492,55,2025-03-06 00:00:00,35
1159,299,92,2024-04-15 00:00:00,172
1160,201,4,2024-11-06 00:00:00,53
1161,151,24,2024-11-05 00:00:00,146
1162,371,81,2024-11-30 00:00:00,103
1163,229,60,2024-07-11 00:00:00,109
1164,295,40,2024-01-01 00:00:00,13
1165,38,63,2024-06-21 00:00:00,109
1170,443,93,2025-03-14 00:00:00,62
1171,489,25,2025-01-18 00:00:00,41
1173,183,71,2024-01-10 00:00:00,158
1176,402,84,2024-06-06 00:00:00,137
1178,419,39,2024-11-18 00:00:00,50
1179,82,68,2025-01-04 00:00:00,110
1180,410,31,2025-04-14 00:00:00,149
1182,420,34,2024-11-27 00:00:00,98
1183,443,1,2024-10-23 00:00:00,18
1184,52,52,2024-05-27 00:00:00,34
1185,97,22,2025-02-25 00:00:00,14
1186,477,99,2024-08-08 00:00:00,143
1188,333,58,2024-07-24 00:00:00,36
1189,404,91,2024-12-20 00:00:00,98
1190,406,25,2024-08-23 00:00:00,86
1191,324,80,2025-02-25 00:00:00,173
1192,205,69,2024-12-31 00:00:00,176
1195,400,75,2024-03-11 00:00:00,77
1196,89,70,2024-02-18 00:00:00,57
1197,278,51,2024-01-01 00:00:00,161
1198,286,65,2024-07-02 00:00:00,126
1199,325,41,2024-08-21 00:00:00,167
1200,318,67,2024-04-08 00:00:00,177
1201,177,69,2024-10-25 00:00:00,126
1202,85,57,2025-01-20 00:00:00,123
1204,26,53,2025-04-24 00:00:00,34
1205,6,45,2024-10-22 00:00:00,169
1206,70,51,2024-02-03 00:00:00,88
1207,208,30,2024-02-05 00:00:00,77
1210,119,93,2025-02-12 00:00:00,94
1211,326,12,2024-04-22 00:00:00,102
1212,119,15,2024-11-13 00:00:00,53
1214,175,74,2024-02-09 00:00:00,49
1215,384,14,2024-07-24 00:00:00,31
1218,148,43,2024-12-14 00:00:00,128
1219,20,81,2025-03-21 00:00:00,90
1220,194,6,2024-04-12 00:00:00,27
1221,282,91,2025-03-26 00:00:00,148
1222,449,99,2025-03-28 00:00:00,133
1223,492,49,2024-02-28 00:00:00,115
1225,53,50,2024-07-28 00:00:00,136
1226,75,30,2024-07-08 00:00:00,86
1227,419,79,2024-03-07 00:00:00,173
1228,181,38,2024-11-06 00:00:00,49
1230,115,93,2024-09-05 00:00:00,144
1232,321,52,2025-03-27 00:00:00,158
1233,35,94,2025-03-07 00:00:00,15
1234,91,42,2024-05-29 00:00:00,76
1235,271,76,2024-02-01 00:00:00,93
1241,34,4,2024-10-21 00:00:00,14
1242,139,92,2024-06-23 00:00:00,155
1245,256,100,2024-10-04 00:00:00,53
1246,198,71,2025-03-23 00:00:00,130
1247,295,100,2024-04-01 00:00:00,112
1248,38,95,2024-06-21 00:00:00,35
1249,323,89,2025-02-01 00:00:00,116
1250,165,96,2024-11-12 00:00:00,76
1251,394,43,2024-04-25 00:00:00,114
1252,58,61,2024-10-16 00:00:00,24
1253,261,48,2024-02-19 00:00:00,50
1255,339,35,2025-01-10 00:00:00,171
1256,382,93,2024-07-26 00:00:00,77
1257,116,33,2024-09-23 00:00:00,85
1258,332,84,2024-06-19 00:00:00,68
1259,277,19,2024-09-02 00:00:00,152
1261,456,7,2024-09-04 00:00:00,90
1263,493,63,2024-02-26 00:00:00,109
1264,305,72,2025-01-17 00:00:00,169
1267,329,63,2024-04-17 00:00:00,20
1268,148,22,2024-02-19 00:00:00,92
1269,399,22,2025-04-13 00:00:00,78
1270,165,66,2024-09-25 00:00:00,61
1271,155,4,2024-10-18 00:00:00,145
1273,500,60,2024-01-10 00:00:00,140
1274,499,74,2024-01-28 00:00:00,141
1275,24,78,2024-04-26 00:00:00,166
1276,62,89,2024-04-24 00:00:00,88
1278,41,33,2024-10-17 00:00:00,143
1279,296,7,2024-10-04 00:00:00,43
1280,1,31,2025-04-18 00:00:00,95
1282,40,27,2024-05-21 00:00:00,22
1284,21,51,2024-03-28 00:00:00,150
1285,173,27,2024-12-31 00:00:00,43
1287,211,37,2024-11-03 00:00:00,26
1288,69,44,2024-11-30 00:00:00,109
1289,383,30,2024-07-09 00:00:00,130
1290,403,17,2024-10-28 00:00:00,120
1292,284,69,2025-01-13 00:00:00,32
1293,226,64,2024-04-19 00:00:00,144
1294,205,8,2024-10-24 00:00:00,123
1296,126,78,2024-03-18 00:00:00,152
1299,36,86,2024-01-23 00:00:00,180
1301,423,61,2025-04-24 00:00:00,27
1304,357,69,2025-04-24 00:00:00,86
1305,118,1,2024-05-08 00:00:00,68
1307,253,30,2024-11-26 00:00:00,15
1308,312,31,2025-02-17 00:00:00,111
1309,288,29,2025-03-02 00:00:00,166
1312,128,73,2024-06-13 00:00:00,15
1313,479,45,2024-05-30 00:00:00,117
1315,186,35,2024-04-21 00:00:00,173
1316,358,75,2024-06-20 00:00:00,146
1318,55,35,2024-04-09 00:00:00,73
1319,336,20,2024-08-09 00:00:00,33
1321,195,40,2024-12-27 00:00:00,160
1323,426,74,2025-03-19 00:00:00,134
1324,47,73,2025-01-22 00:00:00,37
1327,404,72,2025-01-12 00:00:00,53
1329,318,31,2024-06-14 00:00:00,56
1330,378,2,2024-11-10 00:00:00,82
1332,80,45,2025-01-26 00:00:00,46
1334,418,61,2024-01-11 00:00:00,125
1335,324,43,2025-01-02 00:00:00,158
1336,355,50,2025-03-30 00:00:00,122
1338,407,45,2024-06-20 00:00:00,76
1339,375,53,2025-03-12 00:00:00,14
1342,261,67,2024-12-17 00:00:00,57
1343,85,53,2025-03-09 00:00:00,168
1345,307,48,2024-04-28 00:00:00,42
1349,52,96,2024-08-09 00:00:00,34
1350,301,53,2024-03-20 00:00:00,86
1351,237,49,2024-09-17 00:00:00,165
1352,89,30,2024-01-16 00:00:00,76
1353,381,89,2024-04-11 00:00:00,144
1358,217,77,2024-03-28 00:00:00,147
1359,360,39,2024-08-21 00:00:00,74
1361,175,6,2024-05-12 00:00:00,166
1362,495,69,2024-02-28 00:00:00,135
1363,224,48,2024-09-17 00:00:00,153
1364,15,14,2024-08-27 00:00:00,97
1366,407,51,2024-03-31 00:00:00,171
1367,398,18,2024-05-14 00:00:00,26
1368,132,28,2025-01-23 00:00:00,159
1369,344,95,2024-10-22 00:00:00,140
1370,451,60,2024-08-27 00:00:00,130
1371,54,44,2024-05-19 00:00:00,87
1372,113,9,2024-12-29 00:00:00,105
1373,489,68,2025-02-08 00:00:00,87
1374,462,45,2024-07-14 00:00:00,24
1375,255,31,2024-03-19 00:00:00,133
1376,357,41,2024-12-24 00:00:00,145
1377,143,99,2024-03-20 00:00:00,58
1380,149,55,2025-03-03 00:00:00,107
1381,27,34,2024-01-16 00:00:00,155
1382,397,29,2024-07-12 00:00:00,19
1384,183,26,2025-03-06 00:00:00,80
1386,67,81,2024-12-31 00:00:00,23
1387,67,56,2024-03-19 00:00:00,48
1388,251,26,2024-04-19 00:00:00,169
1391,331,21,2024-10-28 00:00:00,133
1392,189,37,2024-05-25 00:00:00,105
1393,427,26,2025-04-20 00:00:00,37
1394,418,99,2024-08-13 00:00:00,50
1395,42,54,2024-12-09 00:00:00,127
1397,105,47,2024-01-24 00:00:00,150
1398,239,9,2025-01-20 00:00:00,61
1399,150,52,2024-11-04 00:00:00,70
1402,124,46,2024-10-23 00:00:00,11
1403,280,47,2025-04-08 00:00:00,174
1405,419,34,2024-04-13 00:00:00,166
1407,59,23,2025-01-22 00:00:00,76
1409,91,83,2024-09-21 00:00:00,142
1410,30,2,2024-03-24 00:00:00,148
1411,159,63,2024-08-18 00:00:00,24
1413,101,67,2024-11-07 00:00:00,161
1414,295,58,2024-04-29 00:00:00,152
1416,40,11,2024-01-25 00:00:00,141
1417,180,66,2025-03-22 00:00:00,157
1418,499,98,2024-05-21 00:00:00,161
1419,354,4,2024-01-20 00:00:00,114
1420,233,50,2025-02-15 00:00:00,169
1421,181,90,2025-03-08 00:00:00,133
1422,62,62,2024-07-02 00:00:00,108
1424,491,71,2024-02-19 00:00:00,98
1425,69,88,2024-06-04 00:00:00,42
1426,347,84,2024-02-23 00:00:00,116
1427,401,3,2024-04-08 00:00:00,84
1428,450,50,2024-01-26 00:00:00,163
1429,408,67,2024-07-12 00:00:00,113
1430,263,78,2025-02-02 00:00:00,104
1433,269,3,2024-07-19 00:00:00,87
1436,154,27,2025-04-05 00:00:00,100
1437,65,85,2025-04-09 00:00:00,97
1439,371,24,2024-11-09 00:00:00,117
1440,65,19,2024-07-14 00:00:00,96
1442,385,53,2024-01-01 00:00:00,120
1443,124,47,2024-10-10 00:00:00,17
1444,205,72,2024-05-14 00:00:00,26
1445,273,15,2024-03-13 00:00:00,21
1447,20,13,2024-09-18 00:00:00,72
1448,199,66,2024-06-22 00:00:00,116
1450,264,71,2025-01-25 00:00:00,96
1451,269,71,2024-10-19 00:00:00,14
1452,371,7,2024-08-18 00:00:00,129
1454,46,30,2025-02-14 00:00:00,162
1456,321,24,2024-09-17 00:00:00,30
1457,390,62,2024-03-16 00:00:00,91
1458,411,5,2024-02-04 00:00:00,23
1460,451,78,2024-12-13 00:00:00,179
1463,424,67,2024-04-01 00:00:00,120
1464,402,24,2024-01-11 00:00:00,83
1465,7,40,2024-10-19 00:00:00,124
1468,9,85,2024-12-20 00:00:00,148
1470,210,19,2024-05-28 00:00:00,155
1471,119,55,2024-11-13 00:00:00,159
1472,112,87,2024-12-04 00:00:00,100
1473,41,81,2024-07-29 00:00:00,105
1474,64,43,2024-05-17 00:00:00,55
1477,341,74,2024-01-01 00:00:00,48
1478,114,69,2024-02-29 00:00:00,48
1479,107,12,2024-06-18 00:00:00,119
1480,19,66,2025-01-23 00:00:00,130
1481,244,32,2024-04-17 00:00:00,173
1482,419,32,2024-01-22 00:00:00,33
1485,110,34,2024-12-18 00:00:00,115
1486,178,47,2024-01-25 00:00:00,149
1487,65,49,2024-04-10 00:00:00,171
1489,362,88,2024-03-17 00:00:00,69
1491,292,55,2024-03-27 00:00:00,151
1492,467,86,2024-09-16 00:00:00,41
1494,184,73,2025-03-26 00:00:00,72
1495,373,40,2025-01-22 00:00:00,169
1496,238,28,2025-04-11 00:00:00,149
1498,306,26,2024-09-26 00:00:00,174
1500,336,95,2024-09-24 00:00:00,139
1501,323,83,2024-04-02 00:00:00,17
1503,406,37,2024-06-06 00:00:00,40
1504,468,72,2025-01-12 00:00:00,94
1505,308,14,2024-05-10 00:00:00,14
1507,123,29,2024-10-13 00:00:00,86
1510,108,43,2024-12-01 00:00:00,30
1511,141,24,2024-10-13 00:00:00,29
1512,90,33,2025-02-03 00:00:00,165
1514,289,41,2024-03-18 00:00:00,37
1516,285,67,2024-10-19 00:00:00,125
1517,433,11,2025-03-23 00:00:00,127
1518,474,16,2025-01-01 00:00:00,20
1519,126,48,2024-04-21 00:00:00,98
1520,122,23,2025-03-31 00:00:00,63
1521,439,30,2024-06-25 00:00:00,67
1522,63,57,2025-03-01 00:00:00,85
1523,368,16,2024-06-15 00:00:00,117
1525,387,58,2025-02-13 00:00:00,120
1526,77,27,2024-03-30 00:00:00,67
1528,461,83,2024-11-16 00:00:00,13
1530,217,61,2024-06-24 00:00:00,99
1532,289,58,2024-03-12 00:00:00,67
1534,206,58,2025-02-03 00:00:00,54
1536,500,1,2025-03-24 00:00:00,11
1537,334,13,2024-05-01 00:00:00,57
1544,10,90,2025-03-23 00:00:00,31
1546,72,32,2024-03-13 00:00:00,77
1547,342,59,2025-04-13 00:00:00,90
1548,287,12,2024-11-17 00:00:00,22
1549,432,64,2024-10-03 00:00:00,33
1550,267,82,2025-03-31 00:00:00,138
1551,369,48,2024-08-02 00:00:00,176
1552,11,53,2024-09-11 00:00:00,176
1554,104,76,2024-03-14 00:00:00,130
1555,326,50,2024-05-17 00:00:00,155
1557,37,54,2024-11-04 00:00:00,111
1559,76,96,2024-11-21 00:00:00,121
1560,355,6,2024-04-02 00:00:00,146
1561,46,99,2024-07-08 00:00:00,79
1562,168,19,2024-12-09 00:00:00,38
1563,144,9,2024-07-11 00:00:00,150
1564,244,32,2024-09-26 00:00:00,162
1565,155,12,2024-05-07 00:00:00,119
1566,208,74,2025-01-26 00:00:00,10
1567,319,53,2024-11-11 00:00:00,162
1569,169,80,2024-01-28 00:00:00,127
1570,45,68,2024-07-25 00:00:00,28
1572,3,37,2025-02-11 00:00:00,138
1575,14,12,2025-03-22 00:00:00,95
1576,495,58,2024-12-16 00:00:00,118
1577,470,69,2024-02-07 00:00:00,70
1580,440,63,2024-10-25 00:00:00,100
1581,6,18,2025-01-04 00:00:00,34
1584,68,45,2025-01-04 00:00:00,75
1586,488,90,2024-11-23 00:00:00,135
1589,136,54,2024-05-30 00:00:00,95
1590,216,65,2024-09-19 00:00:00,115
1591,111,24,2024-10-10 00:00:00,99
1592,20,92,2024-03-19 00:00:00,10
1595,424,87,2024-09-21 00:00:00,67
1596,130,82,2025-03-15 00:00:00,166
1597,447,2,2025-02-17 00:00:00,136
1598,130,58,2024-01-05 00:00:00,161
1599,76,14,2024-07-19 00:00:00,96
1600,102,60,2024-09-17 00:00:00,169
1603,455,90,2024-12-14 00:00:00,110
1606,395,78,2024-09-15 00:00:00,162
1607,143,73,2024-01-15 00:00:00,126
1610,1,15,2024-01-19 00:00:00,55
1611,99,74,2024-12-08 00:00:00,157
1613,456,49,2024-09-15 00:00:00,20
1614,256,51,2024-03-12 00:00:00,50
1616,156,9,2024-11-25 00:00:00,52
1618,132,9,2024-06-04 00:00:00,108
1619,111,12,2024-09-29 00:00:00,32
1621,216,63,2024-04-05 00:00:00,119
1623,25,27,2024-07-15 00:00:00,136
1624,483,68,2024-09-27 00:00:00,97
1626,216,70,2025-02-13 00:00:00,107
1628,29,1,2024-06-18 00:00:00,153
1629,134,67,2024-10-13 00:00:00,172
1631,153,50,2024-09-05 00:00:00,41
1635,418,15,2024-03-11 00:00:00,67
1637,64,66,2024-09-29 00:00:00,41
1638,26,58,2024-06-05 00:00:00,139
1639,424,97,2025-01-24 00:00:00,53
1640,168,64,2025-02-06 00:00:00,162
1641,162,5,2025-01-04 00:00:00,80
1642,388,12,2024-11-13 00:00:00,55
1644,169,88,2024-04-25 00:00:00,45
1645,325,79,2024-07-23 00:00:00,120
1646,67,25,2024-05-01 00:00:00,150
1648,103,63,2024-11-01 00:00:00,100
1649,66,84,2024-11-27 00:00:00,77
1650,278,78,2024-06-30 00:00:00,147
1651,495,74,2024-03-25 00:00:00,135
1653,40,37,2024-09-04 00:00:00,148
1657,6,87,2024-08-31 00:00:00,134
1658,292,23,2024-05-16 00:00:00,69
1660,22,2,2025-03-28 00:00:00,36
1661,210,78,2024-10-08 00:00:00,128
1662,444,20,2024-05-13 00:00:00,139
1663,314,71,2024-01-16 00:00:00,66
1666,219,75,2024-04-09 00:00:00,166
1667,101,17,2025-03-25 00:00:00,46
1668,95,70,2024-04-04 00:00:00,168
1669,278,75,2024-03-16 00:00:00,81
1671,208,99,2024-08-21 00:00:00,80
1672,393,72,2024-01-30 00:00:00,64
1673,22,100,2024-05-01 00:00:00,179
1674,23,81,2024-07-08 00:00:00,23
1675,283,65,2024-04-21 00:00:00,80
1681,418,73,2025-02-14 00:00:00,158
1683,98,94,2024-12-05 00:00:00,125
1684,41,51,2024-07-12 00:00:00,99
1686,101,28,2024-07-10 00:00:00,97
1687,216,33,2024-01-22 00:00:00,160
1688,393,55,2024-08-28 00:00:00,22
1689,453,68,2024-12-14 00:00:00,121
1690,402,80,2024-12-08 00:00:00,79
1692,277,22,2025-02-25 00:00:00,135
1695,381,46,2024-12-05 00:00:00,24
1696,429,62,2024-08-11 00:00:00,96
1697,331,82,2024-09-15 00:00:00,56
1699,380,33,2025-03-15 00:00:00,119
1701,107,2,2024-02-29 00:00:00,75
1702,24,12,2025-03-26 00:00:00,30
1703,195,98,2024-02-29 00:00:00,78
1704,333,67,2025-04-05 00:00:00,62
1705,326,48,2024-02-16 00:00:00,42
1706,13,41,2024-04-22 00:00:00,75
1707,468,68,2024-09-08 00:00:00,28
1708,242,7,2024-10-02 00:00:00,76
1709,379,9,2025-01-15 00:00:00,109
1710,168,91,2024-02-10 00:00:00,130
1711,378,62,2025-03-14 00:00:00,121
1712,26,15,2025-03-21 00:00:00,42
1713,367,5,2024-12-26 00:00:00,29
1714,91,4,2024-09-27 00:00:00,134
1715,109,67,2025-03-29 00:00:00,21
1717,298,25,2024-10-09 00:00:00,136
1718,157,34,2024-05-05 00:00:00,100
1719,398,95,2024-05-19 00:00:00,170
1721,149,99,2024-05-13 00:00:00,94
1722,67,82,2024-04-08 00:00:00,79
1723,364,24,2024-09-25 00:00:00,10
1725,226,94,2024-07-21 00:00:00,69
1728,107,82,2024-10-04 00:00:00,14
1730,314,85,2024-09-14 00:00:00,165
1731,434,54,2025-03-08 00:00:00,166
1733,289,91,2024-10-30 00:00:00,160
1735,46,95,2024-01-02 00:00:00,61
1736,424,33,2024-03-23 00:00:00,68
1737,199,80,2024-05-21 00:00:00,45
1740,394,53,2024-06-27 00:00:00,152
1743,300,97,2024-01-23 00:00:00,27
1744,312,78,2024-03-02 00:00:00,75
1745,279,79,2024-04-25 00:00:00,137
1746,117,49,2024-04-09 00:00:00,60
1748,473,68,2024-04-12 00:00:00,134
1750,355,4,2024-02-13 00:00:00,83
1751,172,34,2024-07-14 00:00:00,177
1752,205,22,2024-06-28 00:00:00,150
1753,219,4,2024-01-07 00:00:00,43
1754,50,12,2025-01-01 00:00:00,121
1755,50,23,2024-09-24 00:00:00,17
1756,193,97,2024-05-19 00:00:00,176
1758,60,60,2025-04-13 00:00:00,103
1759,398,51,2024-01-04 00:00:00,47
1760,455,3,2024-11-10 00:00:00,152
1761,348,70,2024-01-18 00:00:00,11
1762,116,16,2024-08-07 00:00:00,178
1763,274,47,2024-09-10 00:00:00,68
1764,257,24,2024-05-23 00:00:00,107
1765,245,83,2025-01-24 00:00:00,46
1766,237,16,2025-03-18 00:00:00,30
1769,105,99,2024-10-16 00:00:00,148
1770,287,42,2024-01-10 00:00:00,144
1772,50,44,2024-05-12 00:00:00,102
1773,53,21,2024-07-30 00:00:00,148
1774,447,65,2025-01-11 00:00:00,167
1777,86,2,2025-03-31 00:00:00,126
1778,436,96,2024-12-10 00:00:00,97
1779,22,54,2024-05-30 00:00:00,110
1780,167,63,2025-03-09 00:00:00,136
1781,22,13,2024-11-24 00:00:00,91
1783,488,96,2025-04-08 00:00:00,64
1784,141,43,2024-08-31 00:00:00,140
1785,29,44,2024-08-21 00:00:00,111
1786,274,41,2025-03-14 00:00:00,37
1787,418,95,2025-01-20 00:00:00,27
1789,460,37,2025-03-23 00:00:00,147
1791,155,84,2024-05-24 00:00:00,176
1792,270,86,2024-04-29 00:00:00,10
1793,85,94,2024-05-19 00:00:00,138
1794,473,87,2024-12-13 00:00:00,151
1795,432,42,2024-05-17 00:00:00,79
1796,270,22,2025-02-17 00:00:00,58
1798,477,77,2024-05-21 00:00:00,42
1799,102,6,2024-06-04 00:00:00,171
1800,137,39,2024-10-27 00:00:00,179
1805,446,64,2024-03-18 00:00:00,122
1806,282,88,2024-04-15 00:00:00,76
1808,433,19,2024-03-27 00:00:00,13
1809,247,47,2024-07-18 00:00:00,47
1810,108,78,2024-05-09 00:00:00,81
1813,267,88,2024-07-22 00:00:00,87
1814,443,37,2024-07-29 00:00:00,129
1815,210,59,2024-01-14 00:00:00,127
1821,334,58,2024-11-29 00:00:00,56
1823,486,65,2024-01-06 00:00:00,33
1824,316,65,2025-03-07 00:00:00,64
1825,347,37,2024-05-06 00:00:00,74
1826,143,55,2024-06-23 00:00:00,141
1829,400,47,2024-07-02 00:00:00,126
1830,155,85,2024-01-30 00:00:00,120
1831,112,31,2025-04-17 00:00:00,28
1832,274,48,2024-06-20 00:00:00,137
1833,49,28,2024-12-18 00:00:00,121
1834,197,58,2024-08-16 00:00:00,10
1835,445,29,2025-04-02 00:00:00,17
1838,82,58,2024-03-21 00:00:00,37
1839,336,58,2024-03-18 00:00:00,156
1843,356,74,2024-03-04 00:00:00,38
1846,10,29,2024-02-02 00:00:00,71
1847,166,40,2024-11-18 00:00:00,179
1849,362,52,2024-11-01 00:00:00,115
1850,335,12,2024-01-18 00:00:00,26
1851,386,25,2024-10-21 00:00:00,177
1852,140,36,2025-01-28 00:00:00,160
1854,303,75,2024-02-11 00:00:00,58
1856,128,90,2024-12-18 00:00:00,85
1857,89,23,2024-12-30 00:00:00,133
1858,311,90,2024-04-18 00:00:00,158
1861,179,95,2024-12-20 00:00:00,119
1862,235,64,2024-04-17 00:00:00,125
1863,215,70,2024-10-23 00:00:00,22
1864,410,88,2025-04-05 00:00:00,130
1865,357,9,2024-05-03 00:00:00,23
1868,205,93,2024-10-26 00:00:00,80
1871,280,21,2024-02-14 00:00:00,65
1873,384,80,2024-08-29 00:00:00,131
1875,155,87,2025-02-15 00:00:00,41
1877,275,5,2025-04-16 00:00:00,178
1878,348,83,2024-07-09 00:00:00,113
1879,59,20,2024-05-07 00:00:00,144
1880,461,68,2024-11-15 00:00:00,133
1881,33,91,2024-10-23 00:00:00,114
1882,250,11,2025-02-10 00:00:00,84
1883,481,29,2024-03-26 00:00:00,64
1884,457,44,2024-10-01 00:00:00,96
1885,207,47,2024-08-30 00:00:00,90
1886,13,65,2025-04-02 00:00:00,29
1888,374,4,2024-04-27 00:00:00,18
1891,251,38,2024-08-16 00:00:00,111
1893,344,34,2024-02-12 00:00:00,31
1894,34,78,2024-03-31 00:00:00,50
1895,479,80,2024-08-20 00:00:00,13
1896,107,72,2025-03-19 00:00:00,22
1897,84,50,2024-09-18 00:00:00,115
1899,348,31,2025-04-18 00:00:00,157
1900,389,98,2024-12-25 00:00:00,36
1901,148,54,2025-02-11 00:00:00,170
1904,386,73,2025-02-13 00:00:00,17
1907,288,81,2024-07-31 00:00:00,152
1909,102,12,2024-01-20 00:00:00,11
1911,57,24,2024-12-03 00:00:00,105
1914,257,60,2024-07-05 00:00:00,127
1915,30,60,2025-02-09 00:00:00,175
1916,30,27,2024-02-24 00:00:00,47
1917,403,80,2024-03-18 00:00:00,82
1919,91,47,2024-03-28 00:00:00,37
1920,144,43,2024-10-06 00:00:00,25
1921,84,94,2024-08-01 00:00:00,26
1922,344,21,2024-10-08 00:00:00,173
1923,191,24,2025-04-02 00:00:00,52
1925,312,90,2025-03-17 00:00:00,82
1926,427,27,2024-04-15 00:00:00,108
1927,466,20,2024-04-06 00:00:00,134
1930,380,78,2024-05-13 00:00:00,80
1931,336,39,2024-05-06 00:00:00,65
1933,371,50,2024-05-24 00:00:00,100
1934,71,72,2025-02-20 00:00:00,92
1935,179,45,2025-04-01 00:00:00,138
1937,109,97,2024-01-26 00:00:00,151
1940,232,23,2025-02-26 00:00:00,45
1941,192,47,2024-05-30 00:00:00,167
1942,69,30,2024-11-24 00:00:00,56
1947,439,54,2024-03-25 00:00:00,105
1949,148,49,2024-04-01 00:00:00,75
1950,102,16,2024-12-09 00:00:00,177
1951,313,2,2024-10-20 00:00:00,92
1952,390,33,2024-04-12 00:00:00,98
1953,229,53,2024-04-16 00:00:00,31
1954,9,25,2024-04-25 00:00:00,160
1957,67,93,2024-05-22 00:00:00,37
1958,146,11,2025-01-11 00:00:00,157
1959,91,66,2024-01-17 00:00:00,170
1962,124,75,2024-11-03 00:00:00,77
1964,475,83,2024-11-09 00:00:00,96
1965,225,59,2025-03-22 00:00:00,22
1966,285,13,2024-07-15 00:00:00,162
1967,43,96,2024-08-13 00:00:00,89
1968,487,87,2025-03-08 00:00:00,124
1969,189,24,2024-09-02 00:00:00,130
1972,386,77,2024-11-07 00:00:00,16
1973,172,54,2024-10-05 00:00:00,62
1974,427,78,2024-12-16 00:00:00,115
1977,262,16,2024-04-12 00:00:00,121
1978,255,29,2024-05-26 00:00:00,128
1979,255,44,2024-08-02 00:00:00,54
1980,120,99,2024-01-27 00:00:00,94
1981,238,66,2024-04-16 00:00:00,14
1982,394,62,2024-06-24 00:00:00,72
1984,494,70,2025-03-18 00:00:00,65
1985,497,23,2025-04-12 00:00:00,112
1986,407,56,2024-03-26 00:00:00,91
1987,14,92,2024-02-27 00:00:00,135
1988,443,14,2024-07-05 00:00:00,129
1991,380,41,2024-06-23 00:00:00,138
1992,286,39,2024-03-23 00:00:00,60
1994,209,97,2024-02-18 00:00:00,130
1995,40,31,2024-11-02 00:00:00,115
1996,347,98,2024-10-06 00:00:00,53
1997,257,28,2024-09-24 00:00:00,101
2000,219,86,2024-04-21 00:00:00,70
